3.866429071554178,0.5400157208367223,2.2135153572613566,2.4991628914472486
3.2581271825484297,0.7240893199201458,3.3727736440028093,2.444541301901507
3.946604198785484,0.4022722120123589,2.5503920892008516,3.0260355046368717
3.2359353237002333,0.48486427917023023,2.2399812842674782,2.5937848722748917
2.42004702119778,0.5410598501938373,2.90098643426254,2.6629281459007204
2.611575670446865,0.6454273506962975,3.1053410295474717,1.887977466792822
3.0894972870659765,0.5121675016492828,2.985167328794311,3.069696413451532
2.843814981683364,0.5333674327374267,2.7905703945235114,2.233251997158374
3.6573086736512845,0.4794841736234199,3.090074910649215,3.381101478346385
2.7425011989458747,0.41459042606982754,0.7080933420936824,2.7406041036831694
0.5224625920474946,0.5653618595440361,1.0959530208156032,1.0193594197968971
3.169589400408342,0.4257834979593558,2.3511911147881523,3.3602124100890793
4.258144371736257,0.3545634325401235,2.492053003538283,3.1695773971229864
2.5354443950911287,0.4812816149974166,2.330801331228167,2.802643148039015
3.687285674124639,0.6469358769900285,3.260116642138271,3.1867417224605314
2.6200217598523734,0.5378162519602173,2.9712320415905324,2.4625419667848707
1.8123241168856545,0.3019203531776073,1.6464945916819023,2.323465433663472
2.2305084079433164,0.515634896910398,3.1936142291437233,2.3457603085921233
3.4529790634905297,0.6202379848784412,2.9536280979398963,3.79691014301637
2.199977937327896,0.46976972494246644,2.860862334691622,2.3603618501092027
1.6877943657357486,0.35799820628210244,1.1722946381941015,1.6279709061272103
1.1783287935158342,0.695077539523179,2.2668951692738504,1.1716801708924416
2.105225117543514,0.45619256983888135,2.3201737094280577,1.9711175690317877
1.529588886864142,0.577749035583191,2.1545362198941915,2.1334726946262266
1.2498801027856115,0.4787259719786031,1.1630763133557211,1.6086136393868775
1.8063745842822538,0.5386902497859262,1.4292414888451859,1.8980058107233126
2.104332041807713,0.3819367815877588,1.5336577941636524,2.3371985467887635
2.478170139797075,0.5428331870530417,2.615176865102044,2.3692392571869845
2.551524018905197,0.5302471897739781,2.047059112210068,1.9730083045575595
2.0086562190084414,0.4637258834012862,2.297383212611868,2.137827703681791
1.9791143769561117,0.4640446838459459,3.650416485506602,1.9339340682704165
1.87013959832227,0.3273717397668323,2.2311758614816406,0.9158562343332356
2.6374336988261224,0.4598219063791738,1.7057498981183268,2.1701461436704244
1.2372537902371297,0.5462782255525774,1.6112969659095882,1.9968861265886693
1.7972097089404948,0.5051945395796139,2.0496371850308264,2.3804170732228496
3.0647511210381206,0.512898291075741,3.401511446581475,2.7270602440950027
3.382575975178707,0.3765174179646347,2.595224923351336,2.890966268861905
2.8116524951532815,0.4315189909059687,2.60727122144116,2.720448619284702
1.8254834286587354,0.44211503352355846,2.012165316222281,1.9455062437154762
2.2586724463203867,0.5056165342229746,3.256299474398671,2.4151310321786705
1.5974788141619674,0.5900826486954187,2.612391397155159,1.6173926064598059
2.860700574806077,0.3463756313722776,1.5910005046743603,1.9788247107188135
3.652795192305402,0.6895889176030583,3.526283576240925,2.544417267101661
3.4130787295901697,0.48200751641876494,2.2867823686515543,3.615820908779832
1.670598585796347,0.6054451726931137,3.4746299423496527,0.7851343820461527
2.187700479759625,0.6222445070382427,3.5363684461934066,1.9311145904963944
2.661329104304679,0.5976639036483713,2.7838878987208355,2.3516566392168876
2.7760402242808793,0.5706573168191948,3.2850560812545924,1.6881910849488737
2.5081332810773143,0.6785870493905836,3.216282938172512,1.837647640985021
2.5983056842946906,0.5401989363444701,2.8854827790126043,3.1121023974856197
3.9586822576195524,0.3652240938857554,2.483068295736822,3.56359057724677
1.5158865518516795,0.5969396708158011,2.650360867121753,1.0919943928908389
1.5913025177893443,0.6943621185649292,3.51629678597375,2.4345847734314487
2.1796121151684424,0.42525451885592425,2.48053887717682,2.007908763795354
3.9895044888561744,0.6480514791434424,3.1100588764100374,3.172773923253429
3.946604950358508,0.5906044658275386,4.011213173863496,4.14167282139958
1.8328974528914126,0.6910064953099033,2.7910579774023594,0.9836546460705394
2.292405481515571,0.5802456395796395,1.2124526282390962,1.5662847469542087
3.233738219169986,0.48449899069091656,2.558308239826186,3.5326847897647644
2.975663834919981,0.5922206671566527,2.543533047417062,2.9106049962532317
2.791577962650607,0.39005992094158054,2.85924363244414,2.514548504830984
2.731014296380672,0.632638589668703,2.84599612352589,1.8202212568858447
1.9619900492898985,0.48503654596723295,1.642468998586452,2.0231528204300004
2.162931508227818,0.6849263728479342,2.803204804411685,2.0970887772632856
3.020757279530345,0.5407461836241111,2.7048268768833132,3.010901703390835
1.90362557313918,0.5539249191291817,2.0405187236145768,1.6212876124585154
1.9776641670940491,0.5031830558274352,3.2509395319270924,1.4331931812305845
2.0074757455374597,0.56764332949465,2.364384996745137,1.5815802442890783
2.9466253260651603,0.47917012444220053,2.7438886523497747,3.112247459405823
2.8067454806249796,0.39069384912694943,1.9649993822752876,2.246897368685726
1.3448768357091654,0.5439391701264537,2.0957897584405956,1.6040001113427473
2.629104734366397,0.5635031436892106,2.3095432001224534,2.1843547476142513
4.345976004929854,0.5944479486990414,2.101039711819573,3.0642426838061034
1.7929309445613564,0.6117016288095853,2.516762291787519,2.1667873308935217
1.4807025027875904,0.4538415395185291,2.153273261042796,0.8713302357519815
2.447140279811849,0.6713342721649367,2.2480167963743938,2.346452551948045
1.9231153954397446,0.41735614613409855,1.2026012359077978,2.29666256955047
2.4237390025016445,0.43365217136378925,2.2600263106669503,1.3654267737934236
3.3726884327115076,0.3920068491636577,1.904850147883491,2.5535971413027427
1.6111746037833465,0.4562179955255566,1.6654101125999548,0.7808385775735981
2.114225722519567,0.6929532053816986,2.4757960719065437,1.65706576155995
3.235418194753256,0.5087551241385191,2.341247953036315,3.4049394055108513
1.5507817287439427,0.5844362976401547,2.470957312957254,1.0193276635684247
1.7252365233878297,0.3455228903222388,1.586828825006004,1.1440675371512432
3.420243920115744,0.531694261192485,2.6711526301062998,3.4334579910210326
3.2132941777422523,0.5318727652943022,2.8857419395116453,3.972997762546126
3.1636981380839666,0.4348974406699853,2.641765476318886,2.3046304876796153
1.698878939566907,0.5681594518281627,2.819012402761784,2.1695165957732425
1.877681550094524,0.4310450222249799,2.603523027425269,1.1843382702255678
2.1471460400442317,0.5017479159025057,2.275568852463368,2.5341471852203634
2.2257974954112862,0.36250487065819814,1.1128893811610094,1.7396810770154694
2.00145532890312,0.2776596847775573,0.9199468102901119,1.3181770536072568
2.984302199470679,0.3397942344393252,1.6084447867872762,3.2146649461800583
1.6445483437129356,0.5052165079260974,2.0917450094377976,1.1355258366772867
1.9271369663010374,0.6543014595406735,2.2232426028200845,1.9088335933387972
1.4985573439223796,0.5267050869349182,2.2241146503111353,2.1288945885550925
2.4695716598425634,0.3831906502258803,2.3404517965590617,1.474715633909296
2.9053283583397027,0.4828453668777752,2.205644254339602,3.1041525527705836
3.0978263903221555,0.5823504153963731,2.5658578144350774,3.6202523243384914
4.175635361096261,0.6336527949436392,2.8045042774974225,3.916910803880496
2.214032977985334,0.47606208224240737,1.861788363423502,1.7592474405878107
3.3517926602735937,0.5655263730722597,3.451407741414431,2.8875584587212946
2.9958437479916626,0.33830439556891656,2.5203924336613017,2.834811614521405
2.4811570650650303,0.42619690907943114,2.599870688538953,1.7686906192330976
2.71682866205765,0.4901849610357042,2.3748162826224073,2.632644727007267
3.205021550622372,0.5317218215191302,2.332135493397272,3.638283808569801
3.1090870203810566,0.45335809032640567,2.104186356015967,2.5732752549338693
1.7684350758881338,0.4589950306797451,1.6042360824085566,0.5807925372950866
2.4868160441138167,0.5379151735555082,3.458249595188134,2.1486579189061823
4.250053187992605,0.4957742848339357,2.7383813916918185,3.5494173050088653
1.7595281866402468,0.46540182243006134,2.833995909380476,1.1646897920090074
2.1409001021653764,0.5481481473773462,2.826498405664193,1.765270401670767
1.3065037646339719,0.5063261994200332,1.8125942998811362,1.5806299777932789
2.6212294430224956,0.5232181036200276,3.0501434306381805,2.096997510364047
2.0373209624950137,0.4762078270263993,1.855395189990297,1.2881712444429176
1.3969271631051319,0.45066801166378057,2.5228340672870693,1.0651141365801808
2.079501308817935,0.5416050046261426,1.524100042886083,2.6310586176402637
1.604424939275228,0.5781198101709993,1.7307571613190955,1.946706160101013
3.65762275039589,0.29300149749864673,2.2680056409484695,3.2579563656739454
2.830178593095819,0.5676908035030246,2.4599383507821586,2.7172458456398814
2.006243403156045,0.4602728185671202,1.3488015302060559,2.1370954424648785
2.39707114719426,0.4702209120598272,3.1082891011038396,2.6007367900865193
2.2606395834236777,0.33239961936700235,0.8656206904347497,1.5161270514126186
3.3925921919428315,0.6079618592036822,2.9477657742064927,3.2399309637853366
1.869970753940358,0.3533575672197486,1.7677375910112405,1.4553766797629621
2.9036151177590317,0.44242120301869337,2.695998298229936,3.137694338225317
2.609956447496568,0.4680671582854905,2.2710414055121433,2.692850239175521
3.0356636132303816,0.5694749143656006,1.5295984544711791,2.230618671839621
1.9379546874317555,0.36166360446049445,1.7057477510820052,1.51457972090624
1.2738611898097938,0.5610379379107205,2.4316712793773276,1.7942756069701815
1.579113578723589,0.44931836457013125,2.275023680341665,1.1869736364723829
2.0380971319942986,0.4947432703730454,1.534274905465333,2.157382746996796
1.0001641116717495,0.5188778596793828,1.1375944427046671,1.3823132889444287
2.9058042421074863,0.5088422087044662,2.5040433576806103,1.9893785623282145
2.259188606889128,0.5097400166268783,2.55060528818077,2.058834839169865
2.8090999702058306,0.222740724357335,1.6926535176756308,2.3719905452081678
4.01504315929941,0.5390093322687927,3.231302998809272,3.93595433809942
1.9946464850984564,0.4609046624812399,2.4294155322151827,2.340055181734292
2.8824507362000515,0.48838960609656334,2.5078341797258026,3.3617071329049977
0.9270385749760401,0.7064492861359319,2.8830143419655196,0.7817186309802234
2.414375575091962,0.60201727117158,2.183416957675126,2.3150040432920838
1.9639404929571351,0.6536377054245798,2.096834502699579,1.380555722214708
2.721800867674279,0.5608843834475451,2.8187369508317186,2.14176228603271
1.6903502240691202,0.6211145289682701,2.1037905340120853,1.6213770149015783
3.0343308526309207,0.6301846229564998,3.037192074210671,2.613603056382318
2.0134854683096215,0.4518972881539212,1.9709640454250061,2.2736789254500978
4.284606200235819,0.3939984177278453,2.8385907888976956,3.534171429409661
2.394693814670196,0.6136891362602696,3.9916365199395503,2.296777661078444
2.5756974344936587,0.5582953679753293,3.2135979011127507,2.047556056421648
2.190588112401233,0.5370055887847519,1.7867227264706211,1.61769390873468
1.4879686523712623,0.6658130679618188,2.5098249078977792,1.241814737420797
2.4084705242193096,0.43198217960031493,2.8866807872281344,2.096350512207488
3.016178115780795,0.4539280212611447,2.697371937238243,2.6258803209865347
1.466487832144194,0.36532824942024444,1.5191539315374079,1.4017867472681862
3.0373943732829396,0.4840426561853733,3.420372015426368,2.291153999613557
2.3964352172084356,0.6077743805976263,3.1257489322351852,1.6864768621331458
1.6271644817216857,0.4269322247135175,1.7391327975223387,1.5316028557686956
2.2018733817498863,0.5094351589317074,2.552055036183584,2.7558935670663285
2.467334134293238,0.47131128076100925,2.329092761838732,1.7934528883949301
2.4522643941993754,0.48926947237088253,2.728508721897845,2.0265074526128872
1.942596837456227,0.41870070114459224,2.158221940136563,1.7215764605394834
2.712639456345267,0.4109084917004472,1.2747888863615109,2.6475337053833345
1.603516471101651,0.4687707748874307,2.379051269403437,1.9867467935018528
2.377871654430265,0.725672349729821,3.9906099267486566,1.6224471417314206
1.9541415135082068,0.5943260724969495,2.82747439368419,2.0462585308761283
3.078769594971,0.3811055044796264,2.057406395526268,2.875900445545578
3.098959180777114,0.3816119359806682,2.5243470397311216,2.084309010427294
0.4402140415083031,0.5606319524359381,2.1370714503985218,0.16136866593511612
1.1398930025166576,0.5450934461805915,1.8513199893314765,0.2880700282731785
1.9701674368878752,0.6659550796189873,2.552235007172085,1.774135137659258
3.327663821763399,0.45466141961486123,2.8372118390217986,2.8989794466307313
1.9672032775181636,0.37859225969058796,1.1547936869273736,2.218414328363841
2.1584627976329713,0.4719644504815491,2.2041388789594927,2.2125448684656708
2.2175095952203296,0.5156703855272364,2.8952320943776586,2.7400111663189524
2.9481208252253834,0.5349654456993174,3.669946079348075,2.5828669145542684
1.9080966617209518,0.35622085261984215,1.9966537794226387,1.1941630397543244
3.5569618246141,0.4310550815450062,3.091053877036879,2.482442261868897
1.9947355501227975,0.4478810687698889,1.2394380270312957,2.2453457633994005
1.072364465268261,0.4522025995959513,1.6174688758944245,1.4823559927645145
2.128460204087131,0.5620358298343513,2.728682875402278,1.1563775867081563
3.0410225813064446,0.500377088908627,1.2535983589565072,2.134630318171385
3.2218066468270314,0.5339964983801262,2.7767772326789206,2.2267560996282776
2.487852688585988,0.5160928168298223,2.168253532390907,1.5156396306190747
2.3523204388925953,0.460515048596655,2.372180257356206,2.1654238292112358
2.2926144940776916,0.3871988668529993,1.8086846367584888,2.7487839059749244
2.7172292108544043,0.40068763890704195,2.966089193637229,2.676623261623862
3.151924773880938,0.4750541419839051,1.6708542673826243,2.211710988097118
2.5383386479303285,0.5493836776280956,2.8132177928050095,1.981207231510397
2.9983092419126107,0.34293765913665475,1.8847600341278359,3.051012388565115
2.339733101589569,0.5880178912080782,2.9214110150473145,2.805269065541053
1.184652888248196,0.5387280475395063,1.9569753607697389,1.8969534350838575
0.752847460644831,0.39774931563643967,1.3420365615605254,1.5713485082761782
2.52992309678637,0.3343284897678046,2.014879720147714,1.7939821508046336
1.7366266650881397,0.35281649925364134,0.9638277434605994,1.444410124415758
3.7766398289485137,0.5164227755487334,2.7541439263330347,3.7050696508846572
2.9394211597177535,0.47773248994848455,2.459728566356676,2.3786406854695263
2.2262329446084808,0.33835258113489675,2.4214463632610026,1.870078849392178
2.273943750855287,0.42385077881883765,1.8656145535996473,2.3336146929761674
3.164545014219426,0.6141101866657573,2.7467799548394667,3.1452701382210253
3.636006988264211,0.5852551939461232,2.748109122426036,3.072902557310016
2.036284654431154,0.38841030140396055,2.0522047883353607,1.6584876538339588
3.093854746932362,0.5356292817472289,2.728318534642701,3.143508566690089
1.1300960066800785,0.5355481792743769,2.350974235487178,1.4052261841436877
3.1309243415302657,0.505892558918163,2.339239759903935,3.1829221250368454
2.356658042805255,0.4192351512383644,2.499484036811211,2.6133065757465257
1.3795190397759698,0.5800297949340028,1.9907621806417481,1.2913948719602484
2.260560980665404,0.47665333384563074,2.6248952469667137,1.7470372259774465
3.84216006011171,0.568450110685919,2.9449371152092922,4.307165950024907
2.7872398108638103,0.5142061805187236,3.5546709909492207,3.1040239777603453
3.67738295641334,0.6719589307416195,3.7883842472737452,2.733868469600593
3.2199915633949763,0.5582224591397924,3.0969459621509317,2.663901690924977
0.8775274376607385,0.5123721914233507,1.47108885676559,0.701230688259936
2.3992195866364026,0.5093953229385568,2.505784381829765,1.898516479041356
3.2304803581812354,0.22603228328104435,1.5718412444440835,3.148214720740789
2.0590127796229654,0.5269904354940761,2.470728382930734,2.0220363941777544
2.1383829949773085,0.35830938868737405,1.972379263003464,1.5803476409022337
3.173096222642723,0.5276871905846128,2.0497044795663113,2.952065490499802
1.7477856342485207,0.5314817204515824,2.0652625355665815,0.6522818892413527
3.1363975560501642,0.5005292646299361,2.4462234317222817,2.213167853558801
3.120114830249613,0.5078260175161662,3.0088376187772603,3.0092522830747104
2.193856946448237,0.3840579483600087,2.258777501433732,1.637782132587247
2.4334383141184226,0.5194292938045771,2.854095166580335,2.3624043310031477
3.1784171399381167,0.48848925315127734,2.4140656322153577,2.562611771826618
2.8543126050378533,0.40353879862662717,2.7132642538280876,2.267709695136442
1.8937780626447251,0.4889610700973112,2.38684486584849,2.2786892645513657
1.6830883045099465,0.5820247837324681,3.405672155328943,2.4530146409465625
2.8587392105149045,0.5279095764392453,3.091761874576722,1.7924085655580035
2.7625140065844693,0.7021043561484798,2.7905430557117947,2.2465989183758515
2.1368193616743074,0.27985587144994417,2.5071883391347853,1.5437532802883838
2.654377268695174,0.49493964590383344,2.674215306869237,2.4224172403559447
2.0991314734024,0.40211701406412304,1.5685268794943172,2.090852287750849
2.1598052592462964,0.5181338429217821,2.601491149637982,1.3553969194028213
2.110519858443298,0.7412453679543749,3.6683307849228193,0.9675344827133572
1.755996505195113,0.42068826372923285,1.6934851662912513,2.116988830207648
0.7272425398454359,0.5251484415021537,1.396989169723072,1.0144715241080098
0.9380981422698542,0.44605453666254985,1.1714128585308907,0.9377828025925367
2.2864665221213736,0.4290272034153112,1.0161350102962456,1.6365955278651882
3.8469249841912845,0.5994394391315498,2.3809350890748897,3.1564899480292423
3.5217990306568154,0.4117581181450081,2.284198365721241,2.704134574314385
3.3742052032986924,0.5496000946343962,3.260018443176169,2.520804389093554
3.0975284784781514,0.6029438828782767,3.2552835287728015,3.573543832625435
1.7960750165510384,0.45756823790220985,2.1810592938242825,1.245295382323794
3.168163997276007,0.2344380907025067,1.2290942138595509,2.349970074971808
3.672218892230805,0.5553132064207584,3.3199266473064624,3.2821644431953203
2.4645978643014383,0.5220507655757173,2.9739292641445783,2.6134589607774723
1.7022155600145832,0.4650056635410895,2.1760869845667616,1.8380182779072247
3.3522765836040715,0.6298021972326221,4.0227126714893275,3.678590039140384
4.588486170644523,0.4926075333719585,2.902995442857106,4.413410917495152
1.9898870653937468,0.44857660340600114,2.4356213327450953,2.3946766721066677
1.7114281542540537,0.4922145244059149,2.5258803055119157,1.1297231632035225
2.7964632654982022,0.49657577194680463,1.7188240128035244,2.7724568525851465
3.3492266149861343,0.47657841986554633,3.5858123432773947,2.534522763978586
2.2308658818488327,0.44187315231396745,2.1008343524717272,1.49938078807565
1.2353667338901126,0.3432232275691546,2.1891944552273275,0.03867692786107635
1.5866281944183669,0.6301428071664761,1.4345867293070342,1.745855357594713
3.193465625484761,0.637496406639299,3.0293570841676494,2.606209914842696
1.4680732896264135,0.30313753102139795,1.3992871866904109,1.633893848235731
1.9887225729123492,0.5175818953296027,2.142460463337681,1.2977901410622035
2.886283825928272,0.6047972155968053,2.4165953305324144,3.034635656420081
2.720202086140334,0.6742668780655632,2.77649028255768,1.7858029404483373
2.3275703809831985,0.4086920781958204,2.1754365123544064,2.3371612891353104
1.1977339700099012,0.411102864190455,2.457109157350947,1.2904697288258922
2.687543766142616,0.41112797426463693,1.9097914290318605,2.610377338831999
3.225597592191472,0.6412327706037443,3.4549650244788928,2.8533952516023975
0.6645258757332386,0.5864052300497649,2.1362737565064793,0.9376087220709042
0.765210155740911,0.5401499055090287,2.0150845141212677,0.9992700496870002
3.4487806592763453,0.5064856106343576,2.243134367472512,2.435751325702129
1.5087570287716083,0.44145687957222274,1.5589420575977662,1.7605481585536666
2.297330309230133,0.48177552162100573,2.4639244413023618,2.602516385995188
2.34283678294252,0.4890117220690686,2.2765407400326567,1.5491522450538118
2.6653609348353258,0.37914263462667785,2.7093129519729104,2.3366480104863174
2.3125322458921374,0.6518261170355706,3.490965543007616,2.4445468775204713
2.2020549363948247,0.45561639068448023,3.3217749923833066,1.888442373464523
3.3351680402421966,0.24408153336559035,2.3831569647140203,3.287040945379907
3.4150919296710684,0.43680962419948327,2.257393278752545,2.8768752724432196
2.626978526215285,0.5096321355921197,1.7861207935325836,1.5800743931485313
3.2300326660144023,0.4732405253764652,2.652015776699104,3.2225018257731755
1.9748034879403231,0.6297845790651099,3.000806800325154,2.038790463201618
0.668718835734518,0.5020334181705243,2.3382244818074738,0.49073619618910924
1.4559014572455644,0.4238426611743441,1.7720320464528219,1.7606347208556958
4.0579127264510255,0.4955404573544143,3.120554554723017,3.389897911468764
2.651100337683405,0.3218437144294408,2.621258437657301,1.6714327589519924
1.935284435569335,0.5196557400728785,2.08021320724514,1.6624253832492057
2.774794127473291,0.5616886554393279,3.125771644446856,2.489534497568049
2.506683141764107,0.552700420845466,1.9793603316703228,2.5281587295729575
2.8514979580896305,0.3170259588995469,2.550300421858977,2.8459584207080817
2.5286645089344786,0.5767902407732703,2.9985475358028992,1.3588119310090303
2.9569189443937223,0.463614119002921,2.027974801955138,2.8456596955519546
1.8759643906073569,0.3881688075678368,1.8998516475085232,1.9785009557556428
2.3984859991692873,0.6133079879559722,2.1262984251372257,2.172033813579779
0.9881390439804847,0.4340108270270502,1.1035836848271927,0.043875201982799594
1.6171128144331566,0.57849575212405,2.5685106449555413,1.9885333754122307
2.07063360952938,0.45293623418452084,2.302806999363264,1.8758895177465271
2.3319515857336994,0.5445393250894798,1.7521962800739164,2.6319765996625772
2.1960567889862888,0.1953856945200073,1.422951671567938,2.895242142147917
2.9208475814280632,0.5439042957672042,3.179124315868515,1.5972866405465378
2.329944250692792,0.39159633793280657,2.4512971291342014,1.3831666831474971
2.7724877020391805,0.5379235533535587,2.2657692254578983,2.3539888892573377
2.1359140946259294,0.47832685294244615,2.228723562033816,2.1510119393922107
1.7795038712713533,0.4821410907912671,1.6688469133531005,1.0928994221261394
1.2990425934040812,0.5417318821031836,2.5152110251973134,1.295128505387207
1.7684953124708955,0.5238103147832313,2.3891660624417255,0.5750976685643561
1.4109458079818427,0.44099423541304605,1.8576977569760291,0.91569032547864
2.414415274849459,0.33393001881307366,1.4658014523856242,2.5926786276357787
2.589193159004556,0.4620852437120077,1.8151780643511337,1.7635317971542324
1.1503766925447148,0.3696757245887684,1.4886348798288465,1.3563484867360747
2.9687240016211724,0.5895555985551324,2.417276631277706,3.2689178987535086
2.3978240069822627,0.5404761812040497,3.2656995083874376,1.7396785267127937
2.673388478573326,0.5329622982127739,2.4783625604218917,2.0092617359936864
3.496118928582211,0.3493001601785728,1.4540451066747684,3.1531907161474195
3.023984230159968,0.46179910444221794,2.859390016489329,3.663659247023921
2.3262897764810346,0.469775026954493,1.8585072619921208,2.7700818746774862
2.209412292958623,0.3773803808216981,2.666141675981658,2.079670603396985
2.6420139330863384,0.6670943032788857,3.294968834550591,2.8503759616030884
2.456519549325929,0.4998614957264904,3.4235903260982,2.454078369486925
1.9676204550455698,0.48825254535818885,2.2249748298363947,1.3874877281401767
2.8610909609181667,0.4629757559295657,2.599914933570396,3.0398479618999383
2.1484849013127945,0.5403264540163247,2.5878300131075487,1.5909242327926316
1.7889165629503727,0.5252496627076872,2.3569620582564554,1.6241314079425477
3.1354185318648846,0.6359948541679484,3.1809795009411643,1.9682090981331675
2.4299903982039175,0.6367597239806714,3.114670598454555,2.532731814139197
3.301250452699045,0.40037873596289336,2.613938062791648,2.8592325743755924
1.5565888855790155,0.46950363621455793,1.1725194430156676,1.4764608033419482
3.297010005428319,0.4927712992439995,3.1977743990315792,2.4553749559696247
2.034732656483553,0.655224318004856,1.7814580178789923,1.1540744346529523
2.722235260797825,0.26794057242092584,1.9775051414124265,2.544608384790757
2.7456715647408596,0.5520040614570868,3.1228602511042522,2.4345089723649873
2.6747557123053696,0.5449712100231993,1.8871761557719235,1.9940438625544175
2.447888537407066,0.3681604130355266,2.448267486628373,2.239006907556049
2.2128539138309526,0.40543842044437084,2.4050862528223877,2.2093090599285934
1.7775019972334074,0.37369316508977246,1.7518498185741918,1.547106128559641
2.850496544026771,0.5097896145412627,3.5130689417097494,2.740671252888406
2.1528526027981223,0.4350662072269612,2.08676062736214,2.1805119398749913
2.48185654086709,0.6079194728112489,2.8797682905060107,1.189182887789816
0.9475411823331039,0.5376876520850893,2.422367568141356,1.9298088785368477
2.0772933225606307,0.3115414155020552,1.3676723090793226,2.582314957118705
0.9928648724483125,0.4087216505864708,1.5955895648279474,1.1636440919595024
2.6700313707839705,0.5393062933980092,3.154108299915806,2.037816269001175
1.7726680013246576,0.6017020991413244,3.158153654230606,1.091536390122454
3.602238276786976,0.539608658495656,2.4619200840661026,2.8469130603045145
2.04190146333531,0.6124419184510368,2.9808988775796545,1.7468165409188237
3.085126989820175,0.5867407411354918,2.125773090559594,2.635857378271873
1.991505423889028,0.21654454947252977,1.054974584317106,2.1238145143731657
4.139659274721533,0.33891215965500665,2.2870167341539283,3.548788105624054
2.4722941706718826,0.7380745351219751,2.953175627997154,2.5162271811892434
2.7560636543387838,0.5949246473558236,2.7197976566338293,2.645927675021307
1.3362486214770941,0.32223330452662935,0.27088021765216097,1.3142943270285572
2.087370191636998,0.60907497344345,2.860392812876566,1.8529786178853378
2.2317963311256905,0.4205363678928501,2.465844238712528,2.3809014897648177
2.6533448034101346,0.6081935218477266,3.4726909524909715,2.457539703318567
1.3807541345446404,0.37894570058766486,0.794162989791396,0.17553729341718927
1.889099422323881,0.6094638374712091,1.7942008630735329,1.7751651585083996
2.68189197186609,0.7132153410570443,3.0655609705906772,2.5975981058199724
3.225367740154206,0.49649048231303294,2.344458807706774,2.4609957510644005
3.479925079714775,0.5211497012731878,3.084950598939213,3.3682471798400275
1.9539702682705316,0.5679974844245103,2.36185846601445,1.814337130824302
1.9606276932151379,0.4709602899196133,2.403226349387877,2.0619620291294916
3.528496053765531,0.48987185137826006,2.1561740204650697,2.709971470466928
1.8778893564351906,0.4535662308564508,1.5087924766772165,1.4849280469866726
3.291475584259291,0.44474593265832707,2.927847267923684,3.139740180676814
2.2003311306028572,0.4489707260366371,1.6579625371094897,2.251089485706268
2.6424680753045973,0.4614510239624392,2.420015047149923,2.1054464138894495
1.2592231317949352,0.41128190581549595,1.1083828294331528,1.1433513913717137
1.777464715344157,0.6243319384455155,2.9462072329977715,0.6277225296109175
3.129494606196677,0.5587259379399826,2.6169645968032267,3.8983553157418176
2.1085511306735074,0.41842084580060285,2.424146235887908,2.042283405780725
2.1068785561747854,0.3948119897448326,1.6479069513014766,1.5647815229262934
4.434323105751824,0.2754678351628598,2.315056239364145,4.531530649838886
2.936879132691941,0.3715447702007473,2.4284926458572893,2.1248875383283656
2.419175879031184,0.4011998057506265,2.717745662153167,2.00940354137109
1.5878125280586504,0.38598036990650386,2.6829581086440815,1.2027426211000196
3.8594064292535206,0.4867011577690408,2.3162925236312346,3.4208502796403137
1.9068896305263798,0.5555786964082873,2.929966470282925,2.3109077117090453
2.508016544591988,0.5720033759341653,2.7480109745144983,1.7839659044695348
1.0869368704689502,0.5303603904462001,1.8644918715303427,0.11951667933191201
3.0985268471595955,0.3338401708885436,1.6745177980290995,2.589745121545608
2.847170574484037,0.669618157282816,3.2575067145203995,2.408894746039685
2.4884912724688695,0.5821405937024812,2.6644796353592346,2.067342473710932
3.0194216373025924,0.4292494302489423,2.76908743403249,2.1947556697034876
2.530803180157309,0.3433005289138398,2.4079164978618754,3.2080731090569548
2.150422170641818,0.5265687974966236,2.6612278716933817,1.7147625706504206
3.0601112339761705,0.5024612125247911,2.357281935723832,3.3037459620304226
3.057696999276955,0.38970937870446304,1.7231425229604773,2.186168202896621
2.42122562985886,0.5019279384513077,1.8499272773763489,1.5483019651621373
3.932687219136249,0.47858333437999157,2.2931480091909213,3.7846772465157437
2.113463374313623,0.5021351223843549,2.8915856617411637,1.5928746999861136
1.7880577869486758,0.5192753849065216,2.397910513827013,2.065807182585014
2.2172294451740404,0.3208672451958816,1.8780526706884384,1.4925723508893776
2.4546190526293654,0.46824569060698007,1.6059219200407095,2.7093827258483407
1.2355303474259562,0.49328658453854785,2.298608563987621,1.5248882000016564
3.6536501675378377,0.5521303748275713,2.3986627242935508,3.3060478429230677
2.973996765307846,0.36585032744169577,2.504249805645852,2.7459694323023585
2.8694038881338497,0.5148449581380078,2.2328444324503343,3.0561068529811504
2.9097966794919174,0.5422628621708826,1.935911616270836,3.05488716464827
1.4467183791259781,0.4958599188442033,2.6621232423139403,2.192297837721656
1.9129557557994892,0.4949915905715178,2.087615403329179,1.2791470735302866
1.804876231047622,0.6312470367140997,3.032144160610776,1.3836674563088405
1.8346428489406108,0.4101057843534464,2.002707963464517,1.5320149058784867
2.557774382079328,0.3922900930596005,1.6931666080960575,2.4244062666737882
2.1710572203864134,0.4170035402462038,1.4063198285755178,2.2580496792050115
3.593089180415523,0.5785803826831173,2.530202357945642,2.2821797859033905
2.4554843024137933,0.46087829478259834,2.2942264456767867,2.418467856771426
3.2288316502805245,0.5405204080322888,3.0786780177076363,3.2543983080476875
2.885789733775052,0.497380776265575,1.3810590490840338,2.0552738044213785
1.1923026435747917,0.48875340174404475,2.077277145556088,1.9599697753511196
2.0875350821759895,0.5645055273459877,2.911649353528124,2.8900497498686444
3.2837697783944977,0.43420489552388314,2.2252759086329994,2.9944857890137677
2.862809642392896,0.6735878997685714,2.5296211882389295,2.3901479740328884
1.9827919506358755,0.6681921740073138,2.4317662480712174,1.5696968830525342
1.8395898425391883,0.5022959755607952,2.0620403188513103,1.7237194366449298
2.4913666461906514,0.5011498899870063,2.4619659960764566,2.5151650037399857
1.8511373788413779,0.440881689623557,2.1479805162165144,1.541151595535357
1.9827860902010397,0.5326962595404457,2.1316353349156762,1.6924718899436235
2.755644100432419,0.7225944331738259,2.9699579589277207,2.766779137889073
3.5619635178397937,0.4490156757861521,3.0483986780460257,3.721297785981223
2.751642922333486,0.599711798079176,2.425776890967365,2.7159139899599167
2.5237040712053287,0.49303584215530644,1.73887892703118,2.4534613687371443
2.5399497788858763,0.5867276628808428,3.2635040633538237,2.233183371139457
1.842893748585873,0.46743305311798256,2.6914853075591463,1.145260979646355
2.864395947098881,0.5311447071554155,2.208430264050093,2.4829552485038864
2.685580007792443,0.4630198833696197,2.9058388297395044,2.178655243073846
3.253322982987947,0.7133868247204538,3.0893808186033582,2.4208602546174838
2.8148080877297224,0.480682329845016,2.5879299380752756,3.1193987395845006
3.085393910589309,0.44608673632470097,2.8142184366977423,3.0504664765369904
1.9192923560306367,0.5032808747613712,2.182143093631473,1.5047634676209636
0.4993743307733629,0.38460496363479907,1.8422501483445912,0.5989254158920596
2.230469905380628,0.3646611141852286,1.8763201963101832,2.442894569761879
1.7001180927591626,0.4563251662541993,1.9801172007539816,1.1781038943909872
1.227364555951834,0.4593928203740168,2.4009820755730837,1.2600694360906057
2.085381513408518,0.5025405208385016,1.8147213446137145,1.362614419542557
3.394027105712378,0.5172504416492866,2.8176653945750063,4.139101647803827
2.5163145715790556,0.5099454457030712,2.2883204068098264,2.097898361431377
2.6761376862184036,0.3983261351390231,2.9597053100911173,2.3317673896211724
2.41109541572143,0.5308751241836613,1.791720565643419,1.4017406435581559
1.4382138831926314,0.5865652922815854,3.0044920286962857,1.7597179653636752
3.3376302744888773,0.43686240115506114,2.924939140027443,2.872284660748264
2.3130605505783297,0.41218096571899265,1.7671050493390783,1.9655211723162782
3.041737793119621,0.39387777125540907,2.362170260389302,2.232397988022969
2.3276700488830304,0.41410800921923285,2.421349997098171,1.4565703574723334
2.5394690132565527,0.3205770728510279,1.7571925402424375,2.125744396222299
3.5274727700530537,0.4035393575793736,2.1233499971663528,1.940287345806344
2.5463942220471414,0.4787476955229691,2.624096185238676,1.9028643060744703
1.9096686374842342,0.41122198633640644,2.6694205299166756,1.5801103670462833
3.2253311929183113,0.447435940689806,2.2392273857293015,2.8602567099310297
2.710047521817659,0.4198503114605625,2.7992850652422097,2.1122892793332113
1.9986954184957906,0.5472247150087849,2.9486516179899804,2.5832755698080794
3.2206913221216484,0.482468359767298,3.1087738812663614,3.6345093111236375
1.39858560349904,0.6997956079750005,3.3652855154809482,2.1862483121382352
1.8365197588006845,0.34584126003282123,2.5906428674464896,1.777002949865376
4.509632644283419,0.4595967706149063,2.7170681553436458,2.7144633289893045
1.3677467283513136,0.43165602332113184,1.2439255287078916,1.099552790097993
2.784699052255557,0.519031155759394,2.4016356393345664,2.4070713568312208
1.8402534007116467,0.682272360012796,2.298512855127507,0.9789956228524992
2.095986118682288,0.3815313409588448,1.9082782752478575,1.7965393328275887
3.244149906609908,0.6329062846539683,2.6681868051699444,2.5141157298589247
1.8667725694585682,0.35986527069606894,1.3695492869895738,1.5031157672675166
3.2981740497990923,0.2952676386942038,1.6471037175247134,3.457057197206043
1.5498629482119202,0.5967446150050235,2.5756910955012073,1.0327547840577846
2.4571241006678277,0.47360626514073123,2.217732134888815,1.6176383569008863
2.7732905682436284,0.48472255764545913,2.9922389909968596,3.156142584178951
1.4940415906243305,0.6276075346006188,3.1570360723656714,0.9111692172583515
3.526351472064286,0.520533256377796,2.773871700889586,2.87645581680831
2.5349606580231288,0.7339624806020058,3.443382192170047,1.844202368957156
2.2858760389817854,0.47404230181659607,1.9699438701438154,1.8643050075545033
2.7823259616626705,0.6471321956142339,3.052738609907715,2.8670647820833497
3.7337549212370273,0.4741427368323229,2.5781908404997735,3.5612292958024296
2.7388323561431855,0.36219165329359226,2.5192628451223014,2.293115762466716
2.2583443459251797,0.4159709604520693,1.5025871187009636,1.4458715971586944
1.7201114781826408,0.6681576716267328,3.0163699459107747,1.438424265876798
1.8862973906805065,0.4468394091988545,1.2500927834594882,2.049565919395562
2.783385252566432,0.6297825266973586,2.989140416135115,1.8126594194910393
2.8726701744224874,0.7759355114021582,3.9793175771345437,3.0492347865375122
2.442162432747664,0.5258716440229746,2.5796362875383125,1.5743317555378156
2.713479364108758,0.6435049386789155,2.243393358826732,2.310300729469963
2.892905602039052,0.48837702996128507,1.6760450757204264,2.76337772721187
1.766078490240838,0.5244443455961633,1.5977449271705733,1.7526524604988687
3.5854770387775203,0.4589618206342129,2.508462847172532,3.4619628112608023
2.909717965042023,0.5246147788684844,2.177785928487316,2.722023530456526
3.1688794512067098,0.4195246259362131,1.7118176167533306,3.1587357246309353
4.317704973731292,0.3720838892971742,2.554082276872163,3.9137144802569015
2.2168453432592217,0.5938092540905646,1.9862186918354445,2.30116118867043
2.7298485270673987,0.5829986159081103,2.921052103996405,2.6406273527830337
2.115720784494181,0.4925195017319659,2.468591722051145,1.843600536719761
2.509474853784844,0.6569259614535905,3.54426995065422,2.226708678581101
3.0348040226347566,0.5796672108364671,2.479858239104414,2.672380284674276
1.9903726401139346,0.5968882638563051,2.112517610880831,1.6393663795826172
2.6747348052423483,0.6389145315677928,2.8305407281813832,2.2416851433412868
4.060084287651831,0.4693234223972995,2.9256940898901904,4.461745152493818
2.1852789484548665,0.41359550088976305,2.3818451071288096,2.5084521326748677
2.3887837884532197,0.4617974551049616,2.0501727831667327,1.85605812304149
2.778470910485364,0.4855433183066264,2.3010822046189934,2.8948842725147177
2.2199064015064414,0.6064585136127851,1.611288222174839,1.5412802876433052
1.7735210968026531,0.5433107953151344,2.413156638403309,1.5697639325051986
2.185558890213666,0.5724368504869964,3.556843059596612,2.2440197751883595
3.573018980119345,0.4696901746575927,2.3498804962433413,2.3105187022230806
2.841622620999671,0.5178792865733179,2.435844628550924,1.8770518414325248
1.8807700719968832,0.5240787509741939,2.5698425997308645,1.842392844010604
2.723951780398383,0.5412870820446175,2.801062746299733,3.4811358813296103
2.3463208753420077,0.5094192300310146,1.9784209619854976,2.0336803653849573
1.6110643845394357,0.4641885924520143,1.4696272204734193,1.4878088272920902
2.930646839925779,0.5892473887331531,3.6435730261522066,2.9056528881208052
2.1728763438612626,0.5104714029433284,2.326033589193764,2.117257620381954
2.6766493460505476,0.5201479946704433,1.9580109688546994,2.2004970193943763
2.9188814179874574,0.318192236961643,2.0728674235663602,2.58027379883273
2.461793739550257,0.5239033601246765,1.7449400800397985,2.3904175892949997
1.725147443559289,0.667398570701071,2.8593381914281055,1.4918119229213633
2.6251432702877797,0.6563404745028929,2.958651904136263,1.655270981897091
1.8876635003293858,0.40926998784746726,1.2542112059790433,1.8002554277868679
2.6737050234300224,0.33213116371713436,1.6646434027223278,2.3328256077470075
2.6665116305005,0.5097219232002919,2.948864594909828,2.29916091620791
3.286730944146725,0.5701041341165097,1.4909976581789488,2.8250891765418866
2.176623435295291,0.39025033452297553,1.7832160231604963,1.8410266714316657
3.8263459211773183,0.420788497943485,3.060134676469427,2.4980481933543435
1.6901401604838147,0.39151439405385546,2.0035635422607028,2.3547184025588246
3.365460975940505,0.4481099795575148,2.2409966739704674,3.1629657177125274
1.9161830309040764,0.5137689825903348,2.7993147465276285,1.8921928390514087
2.3397013164851796,0.4321904539213753,1.8559332665439665,1.7466576840105565
3.08403927895803,0.6065315492097995,3.316706508199799,3.0452654333202314
3.2632236605701364,0.5766919669661199,2.515808791533788,2.2953499413654037
2.8118723953649085,0.32241120000381707,1.3703919615464257,3.2770472068854577
3.7929961147482603,0.5301989210357553,2.8945230373364947,4.473570860936042
2.971075943197256,0.6114962322947403,3.2035842813786695,2.880070785663126
3.6102700745813348,0.5418398011309192,3.06173666991975,3.6503429251030264
2.8373726042913336,0.44007757225402805,1.88841290552745,3.5819279092946434
2.5256312110181134,0.41458387391856455,2.1512901337552117,1.8931800848936549
1.9423364617509473,0.4106425597685809,2.165909118975237,2.3232313753467313
2.379144413711405,0.604909318792001,2.224693842597937,2.4682230128272598
4.956226497639341,0.5189499637547913,2.885495761762938,3.9675294206506657
1.4555237134624854,0.6264983329856256,2.2714109036181074,1.8341392039086364
2.2670138111201275,0.43393914060230077,1.6273851992457518,2.1401008460940987
2.662548706641263,0.37593754004437724,1.9548683000842149,1.919215138347059
2.672319225869989,0.4911624476800845,1.86842130942401,1.7837599527420152
2.5762031989462164,0.538141625420917,1.7703878271202178,2.770488643657882
2.5522792776583185,0.5016338084112892,2.349758627215753,2.371639529683163
2.7202290794328023,0.5415400626171127,3.2297835939219777,1.8285867038655998
1.7010171218587908,0.35700087413145515,1.310534921294145,1.6952717280733611
2.45225537008887,0.3567264510065892,1.0938161880062456,1.8794679748746383
2.567801585829734,0.593874687568231,2.28951800190338,2.497164896019024
2.9702666789237973,0.3951829593174527,2.0637209484475627,3.598842870622753
1.8336435700401943,0.5328301295000756,2.8175291455469824,1.3001446527445226
2.189156056769665,0.4683344704947893,2.0680935097868427,1.8180329301064468
2.962361772223319,0.40127133065423476,3.9458096981849806,1.8351709949858552
2.1892049301187253,0.41999175239153985,2.2185065864125435,0.9351454021316778
1.691995365234273,0.4142921811328835,1.947006432365971,2.5328292274817894
3.0247599399128404,0.5051820389482422,2.418746382981525,3.2236397743507696
1.819005105176103,0.47688983924070033,2.14331343629833,1.487021677500375
1.2305853183745563,0.4266687192416334,1.7233535737640693,0.9190175478821344
4.165053274994511,0.49097561503342496,2.6094136916537165,2.9142380983433886
3.0667405678985395,0.4934511624855517,3.3537760223009387,2.504889605167776
2.7696907299506597,0.5663258089679174,2.8767718012718264,2.04738440093101
1.6443676627671355,0.4969063742726041,2.742524701355628,1.4277881535415748
3.722983720776319,0.4204499449946709,2.5327286172880057,2.2900336424714838
2.06123757597339,0.46923087226329985,2.4240519951517223,2.7955121748678255
2.708385151028098,0.5524917863645883,2.2354521114022385,2.2033410798806137
3.481732846380368,0.5499498233468659,2.3252073448472,3.114952311228542
2.4519338554405876,0.6259167129610814,2.8453423944688345,2.601862648988029
3.045402052527086,0.35043204837429837,2.4406535342814806,2.2351932334411577
4.456916424257224,0.6769921388196734,3.6805253682683743,3.7044802276904445
2.3697018233255793,0.5377910101738475,1.9787670888308593,2.093670825231311
3.5258438766275915,0.48277992073031173,4.60692303266277,4.223094394524139
3.0657280642005933,0.6104578473571477,3.021005260215447,3.6051484095729975
1.7139192320089371,0.4397668146417138,2.0107845314546866,1.5764962602789234
3.213719875955208,0.5460814477148831,1.8275744121163306,2.3547475521064882
3.2155697386759226,0.4867431985346282,2.2331508852134236,2.872238266333842
2.2761375262014187,0.30013605244166275,1.790241682615052,1.7214796609977001
1.612311886678015,0.5047066094658493,1.9034067946340305,1.4581849243781908
3.138699275873476,0.5531178366535695,2.1102574673816106,2.4705754915105724
2.4006641940611892,0.47282284335093033,2.1480228533670003,1.5379037417177934
2.6682266200687006,0.5078211181092153,2.358812393715984,1.9695240497204711
3.587956277670365,0.514644077047825,3.438010310449323,3.0028563466810794
1.3526318113545763,0.3727441864967683,1.6292492687683902,1.5079427585433751
3.6764259237913928,0.38288395385499197,2.7300637971227086,2.2878850230395367
3.0921771807633727,0.4731627264790619,2.35874927911243,2.2611743994283717
2.368505790967018,0.486586721723158,2.29772678036297,1.872614388691105
3.4460807214587392,0.4807158171456035,2.7545063993033363,2.5108496995295946
2.4741909944866296,0.3469196502600507,1.6991326283660475,1.8878488562061424
2.660101781932837,0.553104250697806,3.198638971908716,2.578014530395883
2.685241370238244,0.6397896261086735,3.109385643190327,2.296970843618185
2.5427355476503077,0.5298977456119017,2.3601549750840207,2.5736592060526355
3.7769257155849596,0.34499858106418524,2.756790424764936,3.232613539601644
2.146919203838768,0.6426158752019266,3.3427473594954615,2.647397639389185
3.225122520261631,0.567838009884047,2.038701766036173,3.065638861566044
3.144968489430643,0.5327066209121022,2.720309445319981,2.9699311848022667
3.76382993290947,0.5377759169730718,3.5004649948054274,2.812127639873778
2.685800261287077,0.5158958674125643,1.743290629412535,2.9565047056789533
2.6493917775860667,0.3842982719184132,1.6484700265658536,1.99169314668386
3.0969607810614663,0.48695602662166726,2.692266760893267,2.3806045222549956
3.9112493664434416,0.4924349529411577,2.054574354598707,3.3938248627449634
2.8260419009453037,0.5246602186261334,2.231050896681062,2.8171615252792175
2.0154456041837947,0.5992136828518506,2.3492364517713633,1.5478975188421922
3.975655950670844,0.4985222780340155,2.7832633497481947,3.9561581823662153
2.267250133507806,0.4644971268944626,2.727618461554572,1.5065361536447237
1.03418278043688,0.4822186856296987,3.356764715563618,0.9091236677458994
2.694422304645935,0.6054757925180283,2.2485462044681155,2.881296576496546
3.243649782607544,0.45835009175633074,2.3673089813740793,3.9092846075327596
2.2855738302786937,0.6123905305614439,3.146547918508707,2.012816300237004
2.3656354430937006,0.4489970460244383,3.0443352098675276,2.551765074017515
3.5786401527891023,0.6037585667050634,2.470420147484477,3.588236747029003
2.5145560593174197,0.4406222552221333,2.0179898624874006,2.2021683813972386
0.941604205800556,0.5589703605574724,2.2249195680213147,0.5814264666745563
1.8056749985021687,0.3037267990859248,0.9862117573630743,1.8195500439876608
3.7275967018300804,0.5647967791009888,2.3185525985170594,1.963915081809728
1.6177280473728384,0.3785598617040741,1.4029451971383589,1.673296607153692
3.174644095506763,0.412202938346413,2.254061476906286,3.3969416282193703
3.5039933702248884,0.5616459312626155,3.0280125525711576,2.6885336495851555
2.9156458775576306,0.54046954556143,2.4763106247118323,1.8763868860799444
2.6482972077930995,0.5880511199177111,3.3015411344440286,1.7045030591683141
2.148270863627447,0.5085951973434385,1.9100630350589154,1.8910521398906754
3.0824553222622546,0.5562989718586128,2.7948101444999263,1.981528767612493
1.5743672008513747,0.4499590332695736,1.569419362454386,1.6270017717816314
2.6958207532702483,0.45919852909601033,2.9512034927676027,2.5689179423900894
3.8746446103708276,0.4606846805245887,2.7315425438895873,2.5567167255189736
2.374346130817571,0.5769430178177304,2.3344617194224178,2.4333069306549033
2.756029561985016,0.48547255427952307,3.0236998663615178,2.895153369949497
1.9140226322262364,0.5301514057396766,2.4336968291097043,2.3925637608274815
3.3048806417377845,0.5479095224098228,4.275923116332786,2.611346412421831
1.8972216362214793,0.6736774956976711,2.4086410802869396,2.5791220205763454
1.3794855845798235,0.3417314358197211,1.7567722455258203,1.36226174262341
3.244044426680413,0.522584047860269,2.937152635414494,2.5247675031099313
2.0743602562798533,0.39014292724446703,1.4753392162420627,1.4879573284230676
4.2976838254826895,0.5117090872155442,3.6474055377069465,2.9733394542085243
2.913790447642035,0.5317885097238182,2.9188299862883405,2.311725181018019
2.8368007958182466,0.5540094460524806,2.536385132545244,2.9071189587745083
3.067333198428619,0.4624777599239327,2.929627695979332,2.864098155653543
2.274095088760891,0.3258977191641098,0.9233618529375937,2.8025277410958416
1.8955788057294551,0.5271112796446715,3.005105739252632,1.8203148450725395
3.309471625943876,0.5599039526376184,2.877682254175724,3.816273090856464
2.236100845196081,0.3736827087914846,2.4654905155801417,1.9863382870068507
0.34866685666453723,0.61517339747808,2.003950911508029,0.4667169490695403
2.043585189628703,0.45515349937959404,2.7671520822259756,2.3914100938701846
2.601916757300476,0.359443995260811,1.2521955072231743,2.5216878038516564
2.2290598883255788,0.7023471949769974,3.4078202171174694,1.3407204861677031
2.8914710393001597,0.5359249156513456,2.6737336830249236,1.6854325029472723
1.27420504826229,0.7243601894582641,2.820088500824173,0.2950548444908372
1.3979078027642942,0.6922324755444399,2.3551970056086495,1.1204630276272
0.86168465537636,0.6405365438724421,2.025690118158931,1.707272695950104
3.753339447419538,0.4175590878672165,2.846434382697063,3.0281548541340952
2.827329348849401,0.5547480572104665,2.2459040558391696,2.4088997378200445
1.8696375038419362,0.3550882389263069,1.3115994837818437,2.1887764768262734
1.4793005350014263,0.5541008219959808,3.3044756272622635,1.9762706236409908
2.4340697377879863,0.44356989666978397,2.4267757841183224,2.0975123675847516
3.248855281378753,0.5508067909391478,2.624523812500339,3.736968548728544
1.9148210884210903,0.3798798480982611,1.626118067060343,2.5263701036142256
2.9053167999292917,0.4462416631441938,1.8445504084012945,2.410010111687588
2.576843756089461,0.6576298972627718,2.088914522254761,2.4383810746645405
2.8891017816278604,0.4137733000246763,1.6761866236242837,3.367938118704912
2.6244476225107696,0.4047355047184612,2.4076769367391497,2.5896771228625637
3.745955904399011,0.4438421250396779,2.796652371021122,2.6836469538355434
2.660551230236959,0.5307732574679432,2.652544285341831,3.3062133053638227
2.623354882377416,0.30414510448634613,1.9037192411754187,1.7814193364354303
1.3796070615177911,0.45476497244309083,1.0520057074370917,0.9834516457511218
2.7474308341483042,0.4862220785714229,1.6017810371883212,2.8590699754113693
1.7585967553243202,0.3651575680878299,2.2136353639519086,1.17858376107553
2.1889548635220195,0.4531523955320277,2.523134299887402,1.698882282998733
2.8972414119169505,0.4673681537841682,2.4484697435401603,2.7439813514513
2.966855343196499,0.44053502302795944,2.189681667523082,2.8147464557921458
2.3017360419598143,0.4651953620357381,1.4432428734613827,2.1396849361725576
1.8939811533130793,0.562511865643373,2.4382539317301757,0.7607419142194203
1.8697912505423913,0.4478358490029381,1.1995998258057878,0.800421952321331
2.44336176579241,0.37026203440432603,2.250948049912677,2.2277478363910563
2.248306463564821,0.4288693640257211,2.29807881973363,1.3641167338054925
2.199337055351132,0.4940071997328909,2.9113096211371454,2.4990924141094677
1.880389571834354,0.47799242201796444,1.8146126200925352,2.3357395222997708
3.5136904567124057,0.49742014417455127,2.6209063711467957,2.1720758966172746
3.387116264628955,0.5346494442006761,2.0037358289152682,3.33694958889087
3.0996622298236107,0.4225541031229174,2.345536572981346,3.14710848802273
2.5812607406548045,0.5133912922615476,2.4703655366148776,2.452861426882697
2.025462143175872,0.4177171675705718,3.122553357154564,2.5441094086275697
1.3456453942411395,0.6496139636951632,2.3361218750526263,1.5588848668530237
1.7467799607467605,0.63462210732223,2.875123031721613,2.068506184542131
2.1378813447914964,0.41375067002752663,2.118120816114044,1.6876643515939374
2.9822012526193227,0.4368808058253143,2.403491384643489,2.3766816891038642
2.9403263851993593,0.46671882351477906,3.3239380267240417,3.2126398746315825
2.8721352145148558,0.4031813936092895,2.1693772357426315,2.7328087200415774
3.143961760485385,0.5487972682663005,2.7068507008266725,3.376429156852305
1.7876416386118303,0.7642935721014742,3.553613466096968,2.04370679887535
2.9183774972304524,0.7290467070530539,3.6982855051355603,2.9837014139210676
3.739562122297123,0.48111652197822163,3.3522491295279515,3.501550341095764
2.180655672060979,0.4596540816579199,2.3091092111493148,1.6938079503465406
1.0824659802217982,0.4304164880650453,1.0301138895150843,1.081173540343596
2.6911441402568492,0.6525957560884809,2.594602743640433,2.4786985725105852
1.9014134733616153,0.588205659936301,3.1052852339109327,1.8840048143903594
1.5297453697574692,0.4413679974788868,1.7755267678090891,1.029642382618821
2.14551311995364,0.5371811081497494,1.740129656723374,2.643967496086581
2.85423052916194,0.5962341744814346,1.9566261727282612,2.0948631625584526
3.097087742057893,0.5243168215402492,1.545475820389582,2.5768944522335313
2.8023753850304187,0.6588530691097533,2.8461295429580953,2.3374090184425143
2.1042382817892187,0.5774728319067162,2.532125030268713,1.5459999377945106
1.0994177370252367,0.5411334242897609,1.6963977737324865,2.0507874235376558
2.125676513983213,0.500257118243151,2.1714428347427313,2.4044476591328983
3.30564734114248,0.5164643809526398,2.3227018238741697,3.7058214845758197
3.1856633210744936,0.6473764815138405,3.854919506367769,2.9582529424223853
2.8013908923053368,0.6171041064620488,2.341963790593006,2.5697446386467147
2.247046954385443,0.4991790117730386,2.3953033716552774,2.1672032240850143
2.095180740776811,0.6042977594646376,2.1523371925271206,1.1959338523711929
2.8207537834102157,0.44927655381050774,2.4752373151456055,2.486240334704466
2.619805963377914,0.6041568388818582,2.799449816618632,2.8904921117923728
2.469583144934197,0.40510671891502364,1.4186148587096472,2.7025453896157674
2.6021784066667255,0.301943440893106,1.5148700746706765,2.0747147246762827
3.095487180562462,0.457867241267532,2.0893581963456995,2.7585598457498555
2.1364734668389356,0.5875695678779507,1.650741806285569,1.701406783690937
1.442549382329264,0.6947098642820357,2.4590161349022104,2.0944175663296196
2.1280061140398425,0.44767490566151047,2.2567756230900935,2.284466518678479
3.2910372846042737,0.5708695273110427,2.9028891745076617,2.3796405001453746
4.3987143759412906,0.478879401636848,3.4098549517845553,3.339914650210303
2.4067334187359855,0.3520684020036746,1.7151035612454404,2.222057144994674
2.242754682118089,0.4278568704428244,2.629166410687453,1.9218685351859461
2.152386566383031,0.32558122434460446,2.5777220089403605,1.6338444128837566
3.7863010848115177,0.35833965175743593,2.7437039241930794,3.2383509138517965
0.3294230458266152,0.3811575578416981,2.2156355063792885,0.5850887106442928
2.0322678936478344,0.38504459367428817,1.0261577400891664,2.3854952979253077
3.3507422644675318,0.48621608214039064,2.6230966690911677,2.6499276806819516
2.5196636046199252,0.5610391764305412,3.2504989916380205,2.118388318610352
2.72154435075859,0.5978567297446042,3.1100268660425607,2.0724008398814147
1.6406023823552527,0.44524818993205684,1.6098602210887525,2.451347243155625
3.0158559331697203,0.24654455379157697,1.4508740726943041,2.2942626444645153
1.4347866827282816,0.5500992232179946,1.4265732785386271,2.2278502351519354
2.128000697086494,0.5936107550109697,2.8182316358064066,2.099373600898785
3.126788362758295,0.38019071198089616,2.766177850059491,2.050819619133771
2.814995225475289,0.6201697855667506,2.634484533383003,2.4923282504255013
2.614202196450454,0.40225351227541306,1.4167856703971449,2.9677513740179626
3.1811725199705583,0.5635424526553996,2.835764588860683,2.6523564336453167
2.9203045055926795,0.5715938893436991,2.9089857644930435,2.231430629108854
0.18038285279997446,0.5880937561080972,2.0409526260707676,2.1345036825736554
3.900572878024047,0.5436638474629293,3.3035044209189026,4.21771298647528
2.6492872387549418,0.569643867339144,2.526176212415954,2.014538456140228
2.7619883253691135,0.5651781261700616,2.8789826708067485,1.808291626434292
2.5011394318905484,0.42332951454630996,1.0668514904831974,2.593706652387401
1.7220549722749876,0.4001808271768136,2.2378280456990516,2.0146238368495704
1.4364458133066067,0.39322579889808934,1.8246960772812482,2.3563107402545436
3.8642708759472724,0.5754095663656242,3.0418458683522474,3.0870572002722168
2.015855864990958,0.4609607306014492,0.6843895937979723,1.8273899773465805
2.5871866885381847,0.4344454970515642,2.695431390245987,2.303513599215766
2.552298332684885,0.5777604137902912,3.2610816083997194,3.462607373412691
2.472313797643999,0.5336015742661993,2.455823757903198,2.8535582901917134
3.186673393698714,0.4727868243981792,1.7814362037141396,3.3068343144567383
2.720597849520764,0.46906224071166386,2.4551113171846057,2.306501702656579
2.4779016324490373,0.467526973491704,2.2642519502065785,2.14442766383742
2.090339172973202,0.5173711852987023,2.2248138531154424,2.026819179043005
2.938844114607152,0.5146304446001044,2.538398501149258,2.027568185584151
2.8863122407693584,0.426206821975877,2.553041082654501,2.232977865013516
1.567590729473294,0.5417043502967603,2.8193835771283347,1.4996704053814731
3.032830634437163,0.5049857266599823,2.688318346971691,1.653144268925392
3.5441840255353307,0.5907698797987899,2.407224782972908,3.582385381121626
4.57636124492551,0.47991914860043344,2.645757456265864,3.6388459110210642
1.7262950494686622,0.42598632092604866,1.856877493984605,2.2907032322664156
2.061967282718826,0.5476031383438115,2.648468598747874,2.5689870693698684
0.8283672783608591,0.6318551018090837,2.2102015901699135,1.0588384851146082
2.314641657540299,0.4753206442211248,1.7187327022374763,2.683325136870263
1.6639443786284813,0.488577444854982,2.2192397500009173,1.5997932857574175
2.5102554799368026,0.4878055072399723,2.5856509353137875,2.977942073081595
2.7626341703285022,0.441036795804897,2.244653085268947,3.273937853881724
1.8061040957317465,0.554832813049798,1.9805683756670227,1.9224254244848824
2.576427481088253,0.5197181055197367,3.5366918414731243,2.072150050897223
3.3203189839267,0.3977435608739314,2.5119543045215145,3.3143307868217566
1.8375335904129173,0.6257219650828995,2.55947612292322,1.007566823773039
1.351363490349519,0.36905878536689857,1.1846057236710732,1.5822747223166025
3.133513050335638,0.5238200192022039,3.1572716327019257,3.15623411318967
2.5815124628632784,0.4908340591899617,3.020171923362791,2.3484527855156223
2.5242197377829068,0.49078878853080443,2.5337488722827888,1.507178097206802
3.549921402777311,0.46018518712499246,2.8041964590593396,3.384333071054896
2.3750005962955125,0.6794448805225074,2.6592291730481827,2.525834790640618
2.5213089235641366,0.7232016389525178,2.2180531716678824,2.709557429434333
2.418683073252752,0.6367414982460159,2.985971578524274,3.281273174870016
1.2177760214765772,0.5153644460815666,2.817968913120306,1.9823203302849965
1.2726720554821003,0.5844454306604586,2.743836456810089,1.6167790805414468
1.5605166293342978,0.5283769554383345,1.662470197658829,1.3393807399230455
2.2814120138419085,0.3841796814815971,2.9503268839277967,1.3123012911564609
1.2456491509446181,0.44889595364198903,1.6952416888027875,0.5215710664409562
3.8482857711741723,0.47065149451106225,3.491916121901502,3.0369334010198514
3.210476751479479,0.4942957132337812,3.4182973481108334,2.6097888682940686
3.179109638735456,0.31730886216954823,1.8535934380474126,3.377744964131562
2.187691680437238,0.5949405523793219,3.110545024466025,0.6704953554547997
2.373543260396631,0.4913544717288953,2.611696788234275,2.4463243889621196
2.166565636817944,0.6149379383367124,2.7996869715059756,1.6889048890429819
2.7304536276250326,0.5044022276175348,2.5465469934599088,2.236652829902455
2.998107908960413,0.5588224929117936,2.881561365228493,2.5649359436113355
2.6646692180944003,0.6547031496990845,2.6525461354061006,2.5100315425375532
2.4533014772463546,0.5278081047967944,2.9206342126564864,2.3654865594338053
2.0019710936925437,0.5150115227006129,2.068804701243986,2.0242073419494244
3.7298747878429444,0.43567423982112613,3.1608813517457444,4.012304186508788
1.6219227729844081,0.5996759642819816,3.089381016820986,1.8461311043516373
2.3847662339839206,0.509600420496977,1.939669116079164,1.477916749875794
2.4650553852206634,0.5079121723929535,2.3620625258855235,1.5198255691163356
3.1588182345449374,0.41608758094007264,2.0035158486533855,2.666819709542389
1.7162831644270362,0.5084968137037708,1.9982701795699715,1.4616165474975515
1.2556571672148367,0.3626946463958072,1.0007787757028175,1.3290675075872167
3.9459265492268845,0.5757468330061404,3.6092724893199404,3.1553965553887653
2.4922102903859407,0.623800693595844,3.1819428399989214,3.612271797246545
1.6939553023607945,0.4684396876614142,2.0676001386252545,1.9213011521618242
2.982925089286707,0.5890671681431394,2.9604640762591083,3.147872086484331
2.89730368115064,0.24587611923117753,0.9474945237326768,1.9631273967172576
1.750126816104776,0.5477068092356865,2.4398904365741827,2.1078947787337596
2.224281159074411,0.7540231620759172,3.194615846882545,1.2733452503984823
3.2177089737871607,0.5558081880618666,2.4209306180925507,2.4435565766496805
1.6348145959570268,0.4964703260397084,2.3743513294077574,1.1757732946573207
2.6868357872918427,0.6127783630127802,2.5039822728255077,2.975675927056161
3.1825212129784695,0.6032989194519945,3.6323112606488195,2.620369243550355
1.7843408298813876,0.6412151698298632,2.8713990946289423,0.7790953155883985
1.430722937144274,0.4464085438333838,2.0676060423211045,1.9734899377633481
2.8336738863342674,0.48501084082668605,2.768525541009013,2.5629727834941556
1.720727200720697,0.4178450174396867,1.7754317257989507,1.2785392580127628
1.3007273583824035,0.5531974639007191,2.160269396619977,0.5308205567579835
3.4764324287192325,0.4899606496598634,3.518041166744482,3.310239458070754
2.1898911413558273,0.35276770715335104,1.8640519467601593,1.647840837816998
3.2073631688706503,0.7211304333239493,3.290430440554172,3.2811271362251264
1.1076967208286297,0.3936567061845393,2.21900308041168,0.6524089234853945
1.9735894928056203,0.4435682090317511,1.636017094850112,2.8510570383581593
2.6761014157466807,0.6614249547280228,3.555401717765916,2.7935685894297544
3.281256099007833,0.5527597382774316,2.7733329226759604,3.3528429698208875
1.9392472370679033,0.3880371766319546,1.3092691131006764,2.5336931534114293
1.8828205016012767,0.6548066801378739,2.711380078525425,2.1981291564017598
2.452173844342737,0.45531637463373786,2.6247101646516233,2.1325485322333475
2.3576634233943197,0.5824618219638468,2.5670013153611024,2.7716608559426015
1.4830710148789659,0.6414874135922423,3.082632247531711,0.5927874759906343
2.6212059874459777,0.4783656021704274,1.5752557342168467,1.867364160429831
2.843027124694759,0.5218397073129937,2.171654560197558,1.97171067565609
2.2333865712556453,0.47472893279583933,2.430258091395356,1.7972757132762818
1.8269819651689612,0.5656390750859303,3.0480741256895643,2.4577161774194765
2.0879193671730256,0.4043741577567717,2.0251566646734265,2.733376715401899
2.6284773321960895,0.6329141282745554,2.8993927395528547,2.175260780864288
2.462552415444419,0.43918987430483103,2.2887282171947763,2.674228895643518
2.812856512459434,0.6936712462402552,2.3176402061086474,2.454086922727396
1.375358812848876,0.5382202787785294,2.3759713103486866,1.543295466531931
2.65885941681057,0.6161533803559117,2.6618997944494507,2.656326418876965
3.267554945457112,0.4813290888190221,2.7703145590696314,2.562488626275199
1.1951785446680807,0.580656376789626,3.3913220082386895,1.4501148517870064
1.8530625240028429,0.405325958904281,1.806304958826781,1.418188290134339
3.38950853492487,0.40891496223613477,2.9583019063013234,2.9853112121427703
3.586638863144583,0.5335844721405313,4.150801424272564,2.911424370681782
2.7471880498005055,0.5307264780505591,1.995032379865684,2.4431191538387713
1.230882516693853,0.3223611383653424,1.623881899522905,0.12218903754453736
2.6669666775095457,0.556800735922642,2.51590795383005,2.2164058420906314
2.5639902303507944,0.41784654829804724,2.0383549458966046,1.9614332749547474
2.5146569986421894,0.49179658468545157,1.758190582104792,2.638283600030266
1.7585885251383546,0.6013972154112162,2.239847781780317,1.1754392585336215
1.1597339258550317,0.5588742406807506,1.8445757658898077,0.9592877930147734
2.7976956295881754,0.6009711854811715,2.8965458076764805,2.852617352495136
1.7212887721296548,0.5101407146668211,1.7702190266318245,1.390424533326554
4.181777138115706,0.5662074288999707,2.4804015641246364,1.919133942451368
2.577909869269737,0.5539161274114197,2.713018308380975,3.0885044923895877
2.5667522950733894,0.719089801323984,3.3883367191703813,2.1155987983844127
3.261921321003662,0.49143850457695026,2.7011314813345675,2.2695585576784847
2.695455086295386,0.4609202003918986,2.330250948048022,2.18078550262509
3.43714587819881,0.35938952286089887,1.882955216008648,3.1603596743196447
1.2569748797662046,0.6458714749675993,3.8146404710221877,2.132066099520601
4.167799419803087,0.5468304907689592,3.054794787586756,4.040346010431088
2.5873264337783444,0.5657267690304777,3.1047319542597496,2.0158101648889097
1.9987944936429582,0.5171243545152212,2.672963448388859,1.1336768520158573
2.530138553960721,0.5626564250745361,2.2443616454860336,2.412284205894003
1.2931795293860078,0.44929652302346623,1.728449596707638,2.147571901930957
3.154530779608147,0.4324406172369937,2.767701302871098,2.56233774827463
1.7305455872441007,0.7042072149826955,2.5964954645645757,1.7891839383967314
2.5295260759771097,0.4421081860056792,1.7574167364890796,2.554059293230666
1.1890954960098035,0.5729346346280426,1.5878815777143314,1.5346618851766254
3.041548536016802,0.4701240399430064,2.440539314643854,2.8815827998419765
1.6462161653859633,0.4975450576357621,1.6802070598540935,1.688729053143558
1.8525486741634514,0.4057906411126884,3.1793103963434275,1.4751677554342353
2.4200517464945124,0.3948609601339935,2.269298334514846,2.907283160114462
2.6910534592104365,0.5607992509406398,3.070565863015118,2.637025284722857
1.84962350303257,0.36317549046616093,1.337568886047658,1.0498572634175796
3.7093619771058473,0.40597297640427954,2.5574437426858228,2.9576635469493606
1.9888105787375148,0.5213017167429888,2.3510192169625754,1.950267315022667
2.964269519601129,0.47436831063103574,2.1741718683520035,2.8607776218771743
2.8569297514427614,0.45990138421035986,3.36606117235946,2.0188437227270954
1.74773443776199,0.6426316860787027,2.4174422103042494,1.6661717266932041
4.427538586062791,0.669596953301417,4.107282272693385,3.2497189544998073
2.6098429503645946,0.6833435361815678,2.500409441462041,1.3110469147379653
2.775526758517284,0.45227137295967706,2.1692910398272915,2.796175701712647
2.8612560649185417,0.4905607493588815,3.0626714220412774,2.7147499073963637
1.7384799293998383,0.4101678028567984,1.651568897699118,1.9670700912280972
3.1212666053877443,0.3153468018335327,2.1845796824249795,1.7312645253952905
2.96796230691331,0.33704163972515616,1.487466194941692,3.3314149900463432
0.8569437909050821,0.31611533962415017,1.566531697631611,0.1929924403570209
4.0234488218448,0.4803766035056458,3.2581410111012703,3.993589518408854
2.567067042968469,0.6419255045910951,2.67837961193398,2.6750723339454967
3.2236125216607334,0.36084947305957804,0.3795818567010645,3.273933256840539
3.173129418697135,0.5184181264703547,3.2947709009801422,2.231677615516948
2.2353372836494643,0.502429091413778,2.5189311590938255,1.8699382828199855
3.4913381284336786,0.4114033517959047,2.430346753532404,2.80405128601818
2.8105247117806624,0.49903427634670916,1.874112509146916,3.443331903869371
1.1079222748359023,0.41977468282691893,1.6365453061419193,1.1646477468479128
2.649662574787133,0.6297342089092891,2.379401109038292,1.89021674194032
3.2756276708449628,0.5597212504403425,3.0681512601122667,3.1516145518836294
1.8684901883700509,0.6801213990808535,3.239873338415948,2.3507155716671413
2.666724549319622,0.39936344783214495,2.0930039380419405,2.1310871418088673
2.3583224110405285,0.589624842535616,3.049778167343473,1.8448257798778904
2.5059004888251977,0.5886864686582761,3.1537088005713025,2.4685764752787858
3.354917663312133,0.5400530684598707,3.4041477216650007,3.2811458956115835
1.8356264049881923,0.513545466318998,1.7641014085078714,1.2897479430932401
2.534985321573659,0.6859346333851628,3.3845421451312805,3.287296568483363
1.2402564438449826,0.4865177548905646,1.3702243474336795,1.249766283705792
2.047563084127211,0.5335105620195999,2.5556378900372088,1.1352148799748756
0.6118707663024279,0.611492455949028,2.4571010959193194,0.7263829538029317
2.510649532497213,0.31552988363719536,0.8515057700529258,3.0140425802137263
2.2202829686111487,0.5608962341654524,2.1171694835441657,1.4032435379910337
1.2672697763987737,0.5003222216443156,2.291218408958426,1.5426558855647619
1.6808844346022933,0.4444014968121033,2.405675522665134,1.3850263156208098
2.520711462160678,0.5183450253581576,2.505791345777222,1.906669295749057
2.1353644288372444,0.5272796389530264,1.7673495926941487,2.5060407592828216
3.1336027300936906,0.472108572489676,2.5050251939882386,2.6573576281103772
3.6088876167137203,0.6462214170780419,2.221696740250576,3.0917909663542216
2.1679288079002728,0.43621594435264155,1.737779226882282,1.8779010030511027
1.2109371486486253,0.487343066836061,1.915688269174334,0.9917202433032373
2.218482306045588,0.5779051220132991,3.0686793793091436,2.2716844576025386
1.3306211482577472,0.472260860825689,2.5795461841901646,0.6437614918740425
3.2503861802502554,0.42696429044420403,2.131530761683781,2.8082578221723224
1.909477292892975,0.35530596652441915,1.635441602489433,1.6945447615233369
4.529887772627072,0.4252526821934621,2.243672678714346,3.4933969941285765
1.4927556749049604,0.419614959596848,1.0858946038360258,0.9750762519164035
1.9002336096448549,0.473061022154876,2.5363415095540915,1.6550017519793718
3.1393305818593973,0.4701676831004166,3.3051788432378233,2.4547478332648036
1.785184133905073,0.3548661501808975,1.859689231150379,1.0279809871021186
2.5169306368755304,0.504253907402979,3.7681768484802984,2.17551038237109
3.685855099940961,0.5092447735469808,3.248305770772938,3.4081500224504397
2.4233084918521297,0.39493461634125104,1.8198569891597538,1.491676537616234
2.263010154382931,0.4561525541965394,2.325432271173901,1.7688590175836396
2.2132720710951297,0.40407446073594117,1.9984528527904966,2.3174910244955775
2.916988317651816,0.4857554582490631,2.571483447962924,2.7678754402804695
2.3448068617171964,0.3285953883951004,1.9642515117283461,1.3407994395670335
2.8823750659875107,0.548701532598038,3.4088482154410364,3.158436660786797
1.8500131594958265,0.5990121383879193,1.9839579358841475,2.0123644748266227
1.442862820658246,0.497813009121092,1.7952857384798213,1.030175990731289
2.289923697847236,0.36828252111942056,1.9894038420449087,2.916257829862464
2.646943011463574,0.6702570152241791,3.533832729852552,2.721242192904042
2.552389249336548,0.4536978245890949,1.7515074306912242,3.5552454562216558
2.8462634229941286,0.5105719995467155,3.0224605483687235,1.355763628301762
2.521504454688157,0.4574457787228552,2.5285258401792587,2.0100899394083407
3.6014575319707385,0.5456363363480785,3.122337446609941,3.345177109885778
2.09049346846287,0.48919961632190423,1.8354873512695216,2.8320975358207146
1.92612711857161,0.4391708849918505,2.1952431012567466,2.2433269136100478
2.0036959881449343,0.38656884062777724,2.6365271007009135,1.4498486437282878
3.1020761472127916,0.47089585367269743,2.087426162778668,3.2838833482959258
2.929225376506765,0.43298741022727033,3.074148560012269,1.8847672388780248
2.4532434128965868,0.42889594032088885,3.2282824379104738,2.07351185524661
3.0574525678573288,0.47515806932949617,2.8886022426018796,2.9707035796370755
1.9338677546854774,0.33582967711902156,1.301978197846044,1.3158190374104755
2.7135303909406567,0.42916149476618926,1.2597474319333024,1.8239976933691016
2.487777470974839,0.4508269891986472,1.5575762285170818,2.2455653314246122
3.23911207118911,0.5544144752358008,3.5196781234251766,2.8440415341887912
2.8464089933870436,0.4383878876676521,2.538513442110438,2.897645332693895
2.861186714634443,0.6714831608676043,3.4126602175032956,2.3974785699120855
1.8553914697580827,0.5172339139229188,1.5766466522794316,1.5245805949630165
1.2225220247599726,0.6398562092125536,2.5178049126976054,0.8341518761863395
2.1917786137806456,0.5782578880841978,2.7732876037373115,1.8805442094787048
1.1651931366523083,0.6797539387125905,2.89973052088891,0.8344609528432114
2.2235685030442527,0.5545657323470028,2.0697839182995925,2.9322526909914712
2.616823280286202,0.4744529213812231,2.4227838670863733,2.6122764253410966
3.8058091026728276,0.335195379363382,1.798117742445918,3.056573668206214
2.731382606086743,0.591064567222997,3.133693224898822,3.245233384859336
2.476873547624002,0.4881829215633408,2.0453682915774505,1.8264950088487206
2.3894745734862064,0.3772363579589592,2.0372169757505656,1.3625529913022223
2.529533344726827,0.5512717523472399,2.5976086072209545,2.256644009177937
2.5531367331190586,0.4727723898854919,2.7466327647568236,2.9916459748053796
2.1206606288256427,0.4720703330721628,2.5373313467642267,2.3089251284620076
3.474244481630167,0.2913365020579457,2.142422326230038,2.7869242476834377
2.5310392167735616,0.46722450827035833,1.3629968552647616,1.8218883163126485
3.6276639905480845,0.5055492225443803,2.913580207144231,2.3309990973067856
3.6502184228244,0.2876109981954441,2.2793434328252875,2.9060406825841785
2.855992936518124,0.528005786003768,2.130035312675896,2.308183926688128
3.577102979362619,0.3358651391176971,2.645117071792677,3.5051924800351433
2.379909779418383,0.5066060261786492,1.4652803086368436,2.081167625313966
2.115958461300347,0.621657771374294,3.1567031816547395,1.850316670647887
2.2376579072225686,0.7034762544021154,3.036133770830223,1.3534637644685552
3.316562697052041,0.59508336970038,2.740202089807605,3.84616288324586
2.9332311280955334,0.3936304408974452,1.8668266438633212,1.844357863147652
2.166074212841965,0.5572751366857216,2.596383553188957,2.394356577812158
3.024833421438186,0.6307183845081258,3.596510425268461,2.4502209314403514
2.1379217508768966,0.41398466150753366,2.1945682981000294,2.2067102382964743
3.1654592462630653,0.4190373423959887,2.7313550649839917,2.484477227724477
3.1764644394293056,0.6199736176415038,3.8692226502011504,2.48351512556053
2.8533346222160283,0.4642420968031402,2.802662756420797,2.510984708741002
2.5318221555360747,0.5593465919603239,2.3439771405295335,1.9718360525356733
2.5078896688688688,0.7198296338670492,2.8186823468016913,2.0988250927285614
1.7326295968218495,0.3997331412630209,1.4095455031576627,1.9547284714422712
1.7433000872374462,0.4410420077454784,1.6943583915975582,1.3194422477633536
0.8122069019517413,0.43703495730598185,1.9991122381075845,0.8268950371863635
1.993967845820242,0.5078514025174177,1.6107927436588698,1.3795249481392857
2.82362694015858,0.375978366359223,2.0767445589147466,2.184201143350897
3.197179018581716,0.6802242229790547,3.5750676431381994,2.479609467263683
2.3386630528899968,0.6574371237475571,2.3903467515880648,1.6628884750469521
2.6541365995803052,0.6988731918595391,3.2961891789315287,2.6747071002649725
3.3654440511206536,0.34360953651602333,1.4042395310988258,3.206475700110382
2.5144286992710123,0.6054324974904077,3.2011127375005,1.4476738277594077
2.523661279930777,0.4963116469154933,2.1008176100452327,2.9822687301982578
3.4835555463137036,0.4290145817853896,3.0351612622629047,3.0279451412121006
2.5135675357050298,0.5323625764609119,2.8017826882389607,3.326572613312335
2.241446633887213,0.49798708961224625,2.6177937457292138,1.4321490032839985
3.1003304382781076,0.5432837621499994,3.442419917733844,2.307780033955177
1.8735700933714603,0.3895876014200738,2.427784950195577,2.043867685601635
1.888764079482006,0.5001248455788486,2.7117605370840283,2.531515204963838
2.376111173124205,0.4168042506782875,1.4302889397181482,2.0911359362334516
2.036674651775444,0.3479960714807936,2.828015361247953,2.321929415124567
2.82366808674236,0.49599812746483674,2.6236739770878748,1.996147342618864
1.5241729198457008,0.5028620504187783,2.219198273686024,1.0142563017301887
3.5399905373916236,0.426006414703474,1.8058329270956965,3.348033705853618
3.5187012554614845,0.4676542527516576,2.691225937562592,2.6685008788143296
2.6532370398986527,0.5097750802422185,2.7227704471773757,2.1235772120975134
3.585615369901609,0.5158433846785532,3.712994307109833,3.1079590891398743
1.6154869640825775,0.36890296295587877,2.579899084327457,1.0966594097333806
